{"cameraMode":{"drawMode":0,"name":"Shaded","section":"Shading Mode"},"sceneLighting":false,"audioPlay":false,"sceneViewState":{"showFog":false,"showMaterialUpdate":false,"showSkybox":false,"showFlares":false,"showImageEffects":false,"showParticleSystems":false},"in2DMode":false,"pivot":{"x":0.06716792285442352,"y":-2.24965763092041,"z":1.511400580406189},"rotation":{"x":-0.7045659422874451,"y":0.0014860316878184677,"z":-0.0014793971786275507,"w":-0.7096415162086487},"size":7.142244815826416,"orthographic":false}