{"cameraMode":{"drawMode":0,"name":"Shaded","section":"Shading Mode"},"sceneLighting":false,"audioPlay":false,"sceneViewState":{"showFog":false,"showMaterialUpdate":false,"showSkybox":false,"showFlares":false,"showImageEffects":false,"showParticleSystems":false},"in2DMode":false,"pivot":{"x":-0.39406779408454897,"y":-1.3933792114257813,"z":-6.80592679977417},"rotation":{"x":0.019260864704847337,"y":0.8152819871902466,"z":-0.5781210064888,"w":0.027158496901392938},"size":4.379645824432373,"orthographic":false}